{
    "Alliance Party": {
        "we": 49.65277777777778,
        "our": 37.5,
        "i": 4.166666666666666,
        "us": 3.4722222222222223,
        "you": 2.083333333333333,
        "my": 2.083333333333333,
        "your": 1.0416666666666665,
        "me": 0.0
    },
    "Conservative Party": {
        "we": 65.54982817869416,
        "our": 32.81786941580756,
        "us": 1.0309278350515463,
        "you": 0.3436426116838488,
        "your": 0.25773195876288657,
        "i": 0.0,
        "me": 0.0,
        "my": 0.0
    },
    "Democratic Unionist Party": {
        "our": 52.41935483870967,
        "we": 43.54838709677419,
        "you": 3.225806451612903,
        "us": 0.4032258064516129,
        "your": 0.4032258064516129,
        "i": 0.0,
        "me": 0.0,
        "my": 0.0
    },
    "Green Party": {
        "we": 56.32754342431762,
        "our": 33.99503722084367,
        "us": 6.699751861042183,
        "you": 1.7369727047146404,
        "your": 1.240694789081886,
        "i": 0.0,
        "me": 0.0,
        "my": 0.0
    },
    "Labour Party": {
        "we": 52.41379310344828,
        "our": 36.689655172413794,
        "you": 3.0344827586206895,
        "i": 3.0344827586206895,
        "us": 1.9310344827586208,
        "my": 1.9310344827586208,
        "your": 0.9655172413793104,
        "me": 0.0
    },
    "Liberal Democrat Party": {
        "we": 49.56896551724138,
        "our": 44.827586206896555,
        "us": 2.1551724137931036,
        "you": 1.293103448275862,
        "i": 1.293103448275862,
        "your": 0.8620689655172413,
        "me": 0.0,
        "my": 0.0
    },
    "Plaid Cymru": {
        "we": 65.1270207852194,
        "our": 31.639722863741337,
        "us": 2.3094688221709005,
        "you": 0.9237875288683602,
        "your": 0.0,
        "i": 0.0,
        "me": 0.0,
        "my": 0.0
    },
    "Reform": {
        "our": 55.64516129032258,
        "we": 31.451612903225808,
        "you": 8.064516129032258,
        "us": 3.225806451612903,
        "your": 1.6129032258064515,
        "i": 0.0,
        "me": 0.0,
        "my": 0.0
    },
    "Social Democratic and Labour Party": {
        "we": 49.327354260089685,
        "our": 46.63677130044843,
        "us": 1.7937219730941705,
        "you": 0.8968609865470852,
        "your": 0.8968609865470852,
        "i": 0.4484304932735426,
        "me": 0.0,
        "my": 0.0
    },
    "Sinn Fein": {
        "we": 42.62295081967213,
        "our": 24.59016393442623,
        "you": 16.39344262295082,
        "us": 8.19672131147541,
        "your": 6.557377049180328,
        "i": 1.639344262295082,
        "me": 0.0,
        "my": 0.0
    },
    "Scottish National Party": {
        "we": 49.26108374384236,
        "our": 43.34975369458128,
        "us": 4.926108374384237,
        "i": 1.477832512315271,
        "you": 0.49261083743842365,
        "your": 0.49261083743842365,
        "me": 0.0,
        "my": 0.0
    },
    "Traditional Unionist Voice": {
        "our": 47.5,
        "we": 34.166666666666664,
        "you": 10.833333333333334,
        "us": 5.0,
        "your": 1.6666666666666667,
        "i": 0.8333333333333334,
        "me": 0.0,
        "my": 0.0
    },
    "Ulster Unionist Party": {
        "our": 48.9451476793249,
        "we": 45.14767932489451,
        "us": 2.109704641350211,
        "you": 2.109704641350211,
        "your": 1.2658227848101267,
        "i": 0.42194092827004215,
        "me": 0.0,
        "my": 0.0
    }
}