{
    "Ulster Unionist Party": {
        "sentiment_score": 0.3258973684210526,
        "rank": 1
    },
    "Sinn Fein": {
        "sentiment_score": 0.31581489361702125,
        "rank": 2
    },
    "Democratic Unionist Party": {
        "sentiment_score": 0.2923658671586716,
        "rank": 3
    },
    "Conservative Party": {
        "sentiment_score": 0.2526858585858586,
        "rank": 4
    },
    "Plaid Cymru": {
        "sentiment_score": 0.2158113606340819,
        "rank": 5
    },
    "Alliance Party": {
        "sentiment_score": 0.20143604806408544,
        "rank": 6
    },
    "Liberal Democrat Party": {
        "sentiment_score": 0.1980007797270955,
        "rank": 7
    },
    "Green Party": {
        "sentiment_score": 0.18871428571428572,
        "rank": 8
    },
    "Social Democratic and Labour Party": {
        "sentiment_score": 0.17540969827586209,
        "rank": 9
    },
    "Scottish National Party": {
        "sentiment_score": 0.17384558404558403,
        "rank": 10
    },
    "Labour Party": {
        "sentiment_score": 0.16342530581039755,
        "rank": 11
    },
    "Tradtional Unionist Voice": {
        "sentiment_score": 0.05823530927835052,
        "rank": 12
    },
    "Reform": {
        "sentiment_score": 0.05688458417849899,
        "rank": 13
    }
}